"order_id","order_date","customer_id","product","category","quantity","unit_price_clp","payment_method","region","status"
"ORD-0001","2025-04-05","CUST-002","Hub USB-C","Accesorios","3","17990","efectivo","Santiago","enviado"
"ORD-0002","2025-03-20","CUST-012","Disco SSD 1TB","Almacenamiento","2","79990","transferencia","La Serena","enviado"
"ORD-0003","2025-08-04","CUST-034","Monitor 24 pulgadas","Monitores","4","129990","tarjeta","La Serena","enviado"
"ORD-0004","2025-02-18","CUST-027","Webcam HD","Accesorios","3","25990","webpay","Valparaíso","enviado"
"ORD-0005","2025-04-02","CUST-009","Silla ergonómica","Muebles","2","189990","efectivo","Concepción","enviado"
"ORD-0006","2025-07-04","CUST-014","Webcam HD","Accesorios","3","25990","webpay","Santiago","cancelado"
"ORD-0007","2025-04-12","CUST-037","Disco SSD 1TB","Almacenamiento","3","79990","efectivo","La Serena","completado"
"ORD-0008","15/03/2025","CUST-012","Hub USB-C","Accesorios","2","17990","transferencia","Temuco","completado"
"ORD-0009","2025-04-01","CUST-003","Mouse inalámbrico","Periféricos","1","19990","efectivo","Temuco","completado"
"ORD-0010","2025-01-19","CUST-034","Disco SSD 1TB","Almacenamiento","2","79990","tarjeta","Santiago","pendiente"
"ORD-0011","2025-05-05","CUST-008","Mouse inalámbrico","Periféricos","2","19990","webpay","Valparaíso","pendiente"
"ORD-0012","2025-06-28","CUST-002","Silla ergonómica","Muebles","4","189990","webpay","Concepción","completado"
"ORD-0013","2025-08-09","CUST-002","Silla ergonómica","Muebles","3","189990","transferencia","Santiago","enviado"
"ORD-0014","2025-03-08","CUST-023","Audífonos Bluetooth","Audio","4","34990","tarjeta","Temuco","completado"
"ORD-0015","2025-01-23","CUST-007","Monitor 24 pulgadas","Monitores","","129990","webpay","Valparaíso","pendiente"
"ORD-0016","2025-01-25","CUST-040","Teclado mecánico","Periféricos","4","45990","webpay","La Serena","enviado"
"ORD-0017","2025-01-04","CUST-004","Hub USB-C","Accesorios","2","17990","webpay","Santiago","completado"
"ORD-0018","2025-07-12","CUST-032","Mouse inalámbrico","Periféricos","4","19990","efectivo","Valparaíso","pendiente"
"ORD-0019","2025-05-29","CUST-024","Mouse inalámbrico","Periféricos","2","19990","webpay","Concepción","enviado"
"ORD-0020","2025-07-29","CUST-015","Hub USB-C","Accesorios","4","17990","tarjeta","Concepción","pendiente"
"ORD-0021","2025-01-12","CUST-033","Silla ergonómica","Muebles","4","189990","webpay","Temuco","cancelado"
"ORD-0022","2025-04-23","CUST-019","Monitor 24 pulgadas","Monitores","3","N/A","webpay","Temuco","completado"
"ORD-0023","2025-04-01","CUST-033","Monitor 24 pulgadas","Monitores","3","129990","tarjeta","Temuco","cancelado"
"ORD-0024","2025-04-04","CUST-014","Audífonos Bluetooth","Audio","1","34990","tarjeta","Temuco","cancelado"
"ORD-0025","2025-06-22","CUST-022","Mouse inalámbrico","Periféricos","2","19990","webpay","Concepción","enviado"
"ORD-0026","2025-08-25","CUST-039","Silla ergonómica","Muebles","2","189990","transferencia","Temuco","cancelado"
"ORD-0027","2025-01-29","CUST-033","Mouse inalámbrico","Periféricos","4","19990","webpay","Valparaíso","enviado"
"ORD-0028","2025-05-16","CUST-005","Audífonos Bluetooth","Audio","1","34990","webpay","Temuco","enviado"
"ORD-0029","2025-04-23","CUST-028","Hub USB-C","Accesorios","2","17990","WebPay","La Serena","completado"
"ORD-0030","2025-08-12","CUST-012","Hub USB-C","Accesorios","1","17990","transferencia","Temuco","pendiente"
"ORD-0031","2025-07-25","CUST-013","Audífonos Bluetooth","Audio","3","34990","efectivo","Temuco","enviado"
"ORD-0032","2025-05-04","CUST-012","Monitor 24 pulgadas","Monitores","3","129990","webpay","La Serena","pendiente"
"ORD-0033","2025-04-16","CUST-009","Mouse inalámbrico","Periféricos","1","19990","webpay","Santiago","completado"
"ORD-0034","2025-03-04","CUST-003","Webcam HD","Accesorios","2","25990","tarjeta","Temuco","enviado"
"ORD-0035","2025-05-10","CUST-032","Mouse inalámbrico","Periféricos","2","19990","transferencia","Temuco","completado"
"ORD-0036","2025-07-12","CUST-018","Hub USB-C","Accesorios","3","17990","efectivo","santiago","enviado"
"ORD-0037","2025-04-08","CUST-034","Disco SSD 1TB","Almacenamiento","2","79990","tarjeta","Concepción","pendiente"
"ORD-0038","2025-01-16","CUST-039","Audífonos Bluetooth","Audio","3","34990","efectivo","Concepción","cancelado"
"ORD-0039","2025-02-26","CUST-016","Webcam HD","Accesorios","3","25990","tarjeta","Temuco","completado"
"ORD-0040","2025-04-29","CUST-012","Disco SSD 1TB","Almacenamiento","2","79990","efectivo","Concepción","enviado"
"ORD-0041","2025-07-05","CUST-015","Hub USB-C","Accesorios","4","17990","tarjeta","La Serena","pendiente"
"ORD-0042","2025-02-28","CUST-001","Silla ergonómica","Muebles","1","189990","transferencia","Temuco","pendiente"
"ORD-0043","2025-07-18","CUST-025","Audífonos Bluetooth","Audio","3","34990","transferencia","Valparaíso","Completado"
"ORD-0044","2025-01-10","CUST-001","Webcam HD","Accesorios","4","25990","tarjeta","Valparaíso","cancelado"
"ORD-0045","2025-05-11","CUST-039","Disco SSD 1TB","Almacenamiento","2","79990","efectivo","Santiago","cancelado"
"ORD-0046","2025-05-23","CUST-036","Monitor 24 pulgadas","Monitores","4","129990","webpay","Valparaíso","pendiente"
"ORD-0047","2025-04-03","CUST-026","Disco SSD 1TB","Almacenamiento","3","79990","tarjeta","Valparaíso","pendiente"
"ORD-0048","2025-06-11","CUST-030","Hub USB-C","Accesorios","2","17990","transferencia","Valparaíso","completado"
"ORD-0049","2025-03-28","CUST-034","Hub USB-C","Accesorios","4","17990","transferencia","Concepción","cancelado"
"ORD-0050","2025-01-13","","Hub USB-C","Accesorios","2","17990","webpay","Temuco","completado"
"ORD-0051","2025-06-22","CUST-031","Mouse inalámbrico","Periféricos","3","19990","efectivo","Valparaíso","pendiente"
"ORD-0052","2025-03-30","CUST-013","Hub USB-C","Accesorios","4","17990","efectivo","Concepción","completado"
"ORD-0053","2025-02-21","CUST-039","Silla ergonómica","Muebles","3","189990","efectivo","La Serena","pendiente"
"ORD-0054","2025-01-12","CUST-035","Mouse inalámbrico","Periféricos","2","19990","webpay","Temuco","enviado"
"ORD-0055","2025-08-20","CUST-005","Monitor 24 pulgadas","Monitores","2","129990","webpay","Valparaíso","enviado"
"ORD-0056","2025-08-26","CUST-031","Disco SSD 1TB","Almacenamiento","2","79990","efectivo","Concepción","completado"
"ORD-0057","2025-05-08","CUST-040","Disco SSD 1TB","Almacenamiento","-2","79990","tarjeta","La Serena","cancelado"
"ORD-0058","2025-06-22","CUST-037","Silla ergonómica","Muebles","4","189990","tarjeta","La Serena","cancelado"
"ORD-0059","2025-08-01","CUST-013","Hub USB-C","Accesorios","1","17990","webpay","Valparaíso","enviado"
"ORD-0060","2025-02-14","CUST-020","Audífonos Bluetooth","Audio","2","34990","tarjeta","Temuco","cancelado"
"ORD-0061","2025-02-18","CUST-006","Mouse inalámbrico","Periféricos","4","19990","transferencia","Concepción","completado"
"ORD-0062","2025-07-29","CUST-035","Webcam HD","Accesorios","3","25990","tarjeta","Concepción","enviado"
"ORD-0063","2025-02-20","CUST-025","Mouse inalámbrico","Periféricos","2","19990","webpay","Concepción","enviado"
"ORD-0064","2025-04-16","CUST-011","Teclado mecánico","Periféricos","2","-999","tarjeta","La Serena","pendiente"
"ORD-0065","2025-05-04","CUST-005","Monitor 24 pulgadas","Monitores","4","129990","efectivo","Temuco","pendiente"
"ORD-0066","2025-07-05","CUST-001","Webcam HD","Accesorios","4","25990","tarjeta","La Serena","completado"
"ORD-0067","2025-04-20","CUST-021","Teclado mecánico","Periféricos","2","45990","efectivo","Temuco","completado"
"ORD-0068","2025-07-28","CUST-036","Disco SSD 1TB","Almacenamiento","2","79990","transferencia","La Serena","completado"
"ORD-0069","2025-07-27","CUST-017","Silla ergonómica","Muebles","1","189990","webpay","La Serena","completado"
"ORD-0070","2025-07-01","CUST-028","Monitor 24 pulgadas","Monitores","1","129990","webpay","Temuco","pendiente"
"ORD-0071","2025-05-24","CUST-029","Audífonos Bluetooth","perifericos","3","34990","webpay","Santiago","completado"
"ORD-0072","2025-06-30","CUST-039","Disco SSD 1TB","Almacenamiento","2","79990","efectivo","Concepción","enviado"
"ORD-0073","2025-02-20","CUST-020","Hub USB-C","Accesorios","3","17990","transferencia","Concepción","cancelado"
"ORD-0074","2025-05-23","CUST-029","Disco SSD 1TB","Almacenamiento","2","79990","tarjeta","Temuco","pendiente"
"ORD-0075","2025-07-19","CUST-010","Hub USB-C","Accesorios","2","17990","efectivo","Concepción","pendiente"
"ORD-0076","2025-02-12","CUST-035","Monitor 24 pulgadas","Monitores","3","129990","transferencia","Santiago","cancelado"
"ORD-0077","2025-04-20","CUST-028","Teclado mecánico","Periféricos","4","45990","tarjeta","La Serena","pendiente"
"ORD-0078","2025-13-40","CUST-030","Webcam HD","Accesorios","2","25990","transferencia","Temuco","pendiente"
"ORD-0079","2025-01-03","CUST-008","Teclado mecánico","Periféricos","3","45990","tarjeta","Concepción","enviado"
"ORD-0080","2025-06-27","CUST-006","Disco SSD 1TB","Almacenamiento","4","79990","tarjeta","Temuco","enviado"
"ORD-0081","2025-06-01","CUST-032","Teclado mecánico","Periféricos","4","45990","transferencia","Temuco","cancelado"
"ORD-0082","2025-01-06","CUST-023","Mouse inalámbrico","Periféricos","4","19990","tarjeta","Temuco","completado"
"ORD-0083","2025-04-30","CUST-040","Hub USB-C","Accesorios","3","17990","transferencia","Santiago","enviado"
"ORD-0084","2025-06-11","CUST-005","Mouse inalámbrico","Periféricos","2","19990","webpay","Concepción","completado"
"ORD-0085","2025-05-12","CUST-034","","Accesorios","1","17990","efectivo","Valparaíso","pendiente"
"ORD-0086","2025-08-11","CUST-020","Webcam HD","Accesorios","4","25990","efectivo","La Serena","cancelado"
"ORD-0087","2025-05-30","CUST-029","Disco SSD 1TB","Almacenamiento","4","79990","transferencia","Santiago","enviado"
"ORD-0088","2025-02-03","CUST-017","Mouse inalámbrico","Periféricos","3","19990","efectivo","Santiago","cancelado"
"ORD-0089","2025-06-13","CUST-018","Disco SSD 1TB","Almacenamiento","4","79990","transferencia","Concepción","enviado"
"ORD-0090","2025-06-25","CUST-027","Audífonos Bluetooth","Audio","1","34990","webpay","La Serena","completado"
"ORD-0091","2025-05-02","CUST-026","Webcam HD","Accesorios","2","25990","transferencia","Concepción","completado"
"ORD-0092","2025-04-10","CUST-016","Teclado mecánico","Periféricos","1","45990","transferencia","Temuco","devuelto"
"ORD-0093","2025-04-10","CUST-028","Audífonos Bluetooth","Audio","1","34990","tarjeta","La Serena","pendiente"
"ORD-0094","2025-01-14","CUST-003","Mouse inalámbrico","Periféricos","2","19990","tarjeta","Concepción","pendiente"
"ORD-0095","2025-01-13","CUST-030","Disco SSD 1TB","Almacenamiento","4","79990","transferencia","Valparaíso","pendiente"
"ORD-0096","2025-07-11","CUST-003","Hub USB-C","Accesorios","3","17990","webpay","La Serena","cancelado"
"ORD-0097","2025-01-09","CUST-031","Monitor 24 pulgadas","Monitores","1","129990","webpay","Temuco","completado"
"ORD-0098","2025-08-22","CUST-005","Monitor 24 pulgadas","Monitores","2","129990","efectivo","Concepción","enviado"
"ORD-0099","2025-05-17","CUST-001","Audífonos Bluetooth","Audio","1","34990","efectivo","La Serena","completado"
"ORD-0100","2025-06-08","CUST-009","Monitor 24 pulgadas","Monitores","4","129990","webpay","Temuco","cancelado"
"ORD-0005","2025-04-02","CUST-009","Silla ergonómica","Muebles","2","189990","efectivo","Concepción","enviado"
